hardtju@gsmgh.net,Jürgen,Hardt,Jürgen Hardt,schüler,e3fi1-2023,110,0815,112,ABCDEFG,hardtju@gsmgh.net,Seegartenstraße 16,MGH,Badenwürttemberg,97980,Germania
mangolmi@gsmgh.net,Micha,Mangold,Micha Mangold,schüler,e3fi1-2023,110,0815,112,ABCDEFG,mangolmi@gsmgh.net,Seegartenstraße 16,MGH,Badenwürttemberg,97980,Germania
matyjama@gsmgh.net,Marek,Matyja,Marek Matyja,schüler,e3fi1-2023,110,0815,112,ABCDEFG,matyjama@gsmgh.net,Seegartenstraße 16,MGH,Badenwürttemberg,97980,Germania
oetzelni@gsmgh.net,Nico,Oetzel,Nico Oetzel,schüler,e3fi1-2023,110,0815,112,ABCDEFG,oetzelni@gsmgh.net,Seegartenstraße 16,MGH,Badenwürttemberg,97980,Germania
sulaimab1@gsmgh.net,Abdulkader,Sulaiman,Abdulkader Sulaiman,schüler,e3fi1-2023,110,0815,112,ABCDEFG,sulaimab1@gsmgh.net,Seegartenstraße 16,MGH,Badenwürttemberg,97980,Germania
vogtel@gsmgh.net,Elias,Vogt,Elias Vogt,schüler,e3fi1-2023,110,0815,112,ABCDEFG,vogtel@gsmgh.net,Seegartenstraße 16,MGH,Badenwürttemberg,97980,Germania
